{
  "high_funding_pct": 0.05314477112020841,
  "low_funding_pct": 0.5357647934499442,
  "neutral_funding_pct": 0.4110904354298474,
  "mean_funding_bps": 0.44645121883141065,
  "std_funding_bps": 0.8150335544310845
}