strategy,pnl
fixed_5min,6.385129950443537
fixed_10min,7.9057557588534
fixed_15min,8.369949967653922
vol_adaptive,7.573389050847892
