quote_dist_bps,fill_prob,spread_capture,expected_value
2,0.7109495026250039,1.0,-0.7109495026250039
4,0.6456563062257954,3.0,0.6456563062257954
6,0.574442516811659,5.0,1.723327550434977
8,0.5,7.0,2.5
10,0.425557483188341,9.0,2.9789023823183873
12,0.35434369377420455,11.0,3.1890932439678408
15,0.259225100817846,14.0,3.110701209814152
20,0.14185106490048782,19.0,2.4114681033082928
